sweep,kernel,M,N,K,tiles,count,gpu_median_s,gpu_p10_s,gpu_p90_s,wall_median_s,gpu_per_dispatch_s,wall_per_dispatch_s,max_rel_vs_32x32
dense,naive,1,3072,1024,96,1,0.000058167,0.000057708,0.000058417,0.000205040,0.000058167,0.000205040,0
dense,naive,1,3072,1024,96,4,0.000229625,0.000229417,0.000230000,0.000376940,0.000057406,0.000094235,0
dense,naive,1,3072,1024,96,16,0.000921125,0.000920042,0.000921500,0.001067996,0.000057570,0.000066750,0
dense,naive,1,3072,1024,96,64,0.003647875,0.003646625,0.003651583,0.003801942,0.000056998,0.000059405,0
dense,naive,1,3072,1024,96,256,0.014538708,0.014534667,0.014549250,0.014764071,0.000056792,0.000057672,0
dense,naive,1,3072,1024,96,1024,0.058736958,0.058714250,0.058760167,0.059008956,0.000057360,0.000057626,0
dense,simd,1,3072,1024,96,1,0.000066625,0.000066167,0.000067000,0.000239015,0.000066625,0.000239015,0
dense,simd,1,3072,1024,96,4,0.000262583,0.000262083,0.000263417,0.000404000,0.000065646,0.000101000,0
dense,simd,1,3072,1024,96,16,0.001043125,0.001041292,0.001045833,0.001196980,0.000065195,0.000074811,0
dense,simd,1,3072,1024,96,64,0.004187458,0.004183125,0.004194333,0.004338026,0.000065429,0.000067782,0
dense,simd,1,3072,1024,96,256,0.016730875,0.016716500,0.016749958,0.016970038,0.000065355,0.000066289,0
dense,simd,1,3072,1024,96,1024,0.068648167,0.068595833,0.068710500,0.068932056,0.000067039,0.000067316,0
dense,tensor,1,3072,1024,96,1,0.000033417,0.000033167,0.000033583,0.000174999,0.000033417,0.000174999,0
dense,tensor,1,3072,1024,96,4,0.000128875,0.000128417,0.000129417,0.000273943,0.000032219,0.000068486,0
dense,tensor,1,3072,1024,96,16,0.000511625,0.000511042,0.000512458,0.000657916,0.000031977,0.000041120,0
dense,tensor,1,3072,1024,96,64,0.002054833,0.002052958,0.002058625,0.002209067,0.000032107,0.000034517,0
dense,tensor,1,3072,1024,96,256,0.008179875,0.008173500,0.008185083,0.008368969,0.000031953,0.000032691,0
dense,tensor,1,3072,1024,96,1024,0.033480875,0.033461333,0.033511458,0.033746004,0.000032696,0.000032955,0
expert,naive,1,768,2048,24,1,0.000114250,0.000114083,0.000114500,0.000260949,0.000114250,0.000260949,0
expert,naive,1,768,2048,24,4,0.000404875,0.000404292,0.000405292,0.000551939,0.000101219,0.000137985,0
expert,naive,1,768,2048,24,16,0.001563000,0.001562250,0.001565167,0.001721025,0.000097687,0.000107564,0
expert,naive,1,768,2048,24,64,0.006205417,0.006203542,0.006207458,0.006374002,0.000096960,0.000099594,0
expert,naive,1,768,2048,24,256,0.024824625,0.024794250,0.024842042,0.025103092,0.000096971,0.000098059,0
expert,naive,1,768,2048,24,1024,0.099091750,0.099042375,0.099187750,0.099400043,0.000096769,0.000097070,0
expert,simd,1,768,2048,24,1,0.000124875,0.000124750,0.000125000,0.000266075,0.000124875,0.000266075,0
expert,simd,1,768,2048,24,4,0.000441833,0.000441583,0.000442875,0.000582933,0.000110458,0.000145733,0
expert,simd,1,768,2048,24,16,0.001708875,0.001707250,0.001709583,0.001851916,0.000106805,0.000115745,0
expert,simd,1,768,2048,24,64,0.006751042,0.006749417,0.006753625,0.006940007,0.000105485,0.000108438,0
expert,simd,1,768,2048,24,256,0.027068000,0.027063083,0.027076333,0.027257919,0.000105734,0.000106476,0
expert,simd,1,768,2048,24,1024,0.107979750,0.107962375,0.108058000,0.108247042,0.000105449,0.000105710,0
expert,tensor,1,768,2048,24,1,0.000037375,0.000037125,0.000037458,0.000169039,0.000037375,0.000169039,0
expert,tensor,1,768,2048,24,4,0.000129625,0.000129250,0.000130125,0.000277996,0.000032406,0.000069499,0
expert,tensor,1,768,2048,24,16,0.000500042,0.000499375,0.000501125,0.000644922,0.000031253,0.000040308,0
expert,tensor,1,768,2048,24,64,0.001979917,0.001978500,0.001982208,0.002155900,0.000030936,0.000033686,0
expert,tensor,1,768,2048,24,256,0.007917292,0.007912750,0.007922125,0.008100986,0.000030927,0.000031644,0
expert,tensor,1,768,2048,24,1024,0.031601750,0.031590750,0.031629458,0.031857967,0.000030861,0.000031111,0
tiny,naive,1,32,32,1,1,0.000003458,0.000003292,0.000003583,0.000140905,0.000003458,0.000140905,0
tiny,naive,1,32,32,1,4,0.000010083,0.000010000,0.000010167,0.000151038,0.000002521,0.000037760,0
tiny,naive,1,32,32,1,16,0.000036250,0.000036083,0.000036625,0.000176907,0.000002266,0.000011057,0
tiny,naive,1,32,32,1,64,0.000142042,0.000141000,0.000142750,0.000293016,0.000002219,0.000004578,0
tiny,naive,1,32,32,1,256,0.000563875,0.000562542,0.000565500,0.000748992,0.000002203,0.000002926,0
tiny,naive,1,32,32,1,1024,0.002243125,0.002233500,0.002260000,0.002493978,0.000002191,0.000002436,0
tiny,simd,1,32,32,1,1,0.000004292,0.000004208,0.000004417,0.000148058,0.000004292,0.000148058,0
tiny,simd,1,32,32,1,4,0.000012625,0.000012542,0.000012750,0.000154018,0.000003156,0.000038505,0
tiny,simd,1,32,32,1,16,0.000044500,0.000044292,0.000044625,0.000195980,0.000002781,0.000012249,0
tiny,simd,1,32,32,1,64,0.000172750,0.000171000,0.000173750,0.000325918,0.000002699,0.000005092,0
tiny,simd,1,32,32,1,256,0.000684042,0.000682875,0.000684667,0.000863075,0.000002672,0.000003371,0
tiny,simd,1,32,32,1,1024,0.002703542,0.002700750,0.002766625,0.002989054,0.000002640,0.000002919,0
tiny,tensor,1,32,32,1,1,0.000003500,0.000003375,0.000003583,0.000148058,0.000003500,0.000148058,0
tiny,tensor,1,32,32,1,4,0.000007542,0.000007417,0.000007667,0.000149965,0.000001885,0.000037491,0
tiny,tensor,1,32,32,1,16,0.000024750,0.000024375,0.000025000,0.000178099,0.000001547,0.000011131,0
tiny,tensor,1,32,32,1,64,0.000092042,0.000091208,0.000092208,0.000257969,0.000001438,0.000004031,0
tiny,tensor,1,32,32,1,256,0.000361750,0.000359250,0.000365750,0.000540018,0.000001413,0.000002109,0
tiny,tensor,1,32,32,1,1024,0.001443875,0.001438125,0.001448875,0.001688957,0.000001410,0.000001649,0
fanout,tensor,1,32,2048,1,64,0.001732583,0.001731125,0.001734708,0.001901984,0.000027072,0.000029719,0
fanout,tensor,1,64,2048,2,64,0.001735375,0.001734417,0.001737500,0.001883030,0.000027115,0.000029422,0
fanout,tensor,1,128,2048,4,64,0.001751167,0.001750792,0.001751625,0.001897097,0.000027362,0.000029642,0
fanout,tensor,1,256,2048,8,64,0.001764042,0.001763375,0.001765417,0.001913071,0.000027563,0.000029892,0
fanout,tensor,1,512,2048,16,64,0.001763208,0.001762333,0.001764042,0.001909018,0.000027550,0.000029828,0
fanout,tensor,1,1024,2048,32,64,0.002191375,0.002189917,0.002194000,0.002339959,0.000034240,0.000036562,0
fanout,tensor,1,2048,2048,64,64,0.003452958,0.003450125,0.003456042,0.003603101,0.000053952,0.000056298,0
fanout,tensor,1,4096,2048,128,64,0.005540000,0.005535750,0.005541833,0.005728960,0.000086562,0.000089515,0
tilework,tensor,1,32,32,1,64,0.000093292,0.000093000,0.000093625,0.000259995,0.000001458,0.000004062,0
tilework,tensor,1,32,128,1,64,0.000172500,0.000172167,0.000173208,0.000324011,0.000002695,0.000005063,0
tilework,tensor,1,32,512,1,64,0.000486292,0.000485417,0.000486750,0.000629067,0.000007598,0.000009829,0
tilework,tensor,1,32,2048,1,64,0.001734792,0.001733792,0.001735458,0.001881957,0.000027106,0.000029406,0
tilework,tensor,1,32,8192,1,64,0.006730000,0.006726583,0.006731458,0.006907940,0.000105156,0.000107937,0
rows,tensor,1,768,2048,24,64,0.001979083,0.001977417,0.001982250,0.002137899,0.000030923,0.000033405,0
rows,tensor,2,768,2048,24,64,0.001983417,0.001980792,0.001985750,0.002146959,0.000030991,0.000033546,0
rows,tensor,4,768,2048,24,64,0.001979042,0.001977625,0.001980667,0.002150059,0.000030923,0.000033595,0
rows,tensor,8,768,2048,24,64,0.001984500,0.001982750,0.001986667,0.002153993,0.000031008,0.000033656,0
rows,tensor,16,768,2048,24,64,0.001987375,0.001985792,0.001988375,0.002143025,0.000031053,0.000033485,0
rows,tensor,32,768,2048,24,64,0.001806375,0.001801417,0.001813083,0.001955032,0.000028225,0.000030547,0
tileshape,tensor,1,3072,1024,96,64,0.002055583,0.002052833,0.002064333,0.002212048,0.000032118,0.000034563,0
tileshape,tensorops_8x16,1,3072,1024,192,64,0.001292917,0.001290750,0.001297417,0.001452088,0.000020202,0.000022689,0
tileshape,tensorops_8x32,1,3072,1024,96,64,0.001255000,0.001254375,0.001256042,0.001402974,0.000019609,0.000021921,0
tileshape,tensorops_8x64,1,3072,1024,48,64,0.001324083,0.001321500,0.001327458,0.001485944,0.000020689,0.000023218,0
tileshape,tensorops_16x32,1,3072,1024,96,64,0.001256125,0.001251167,0.001261292,0.001406074,0.000019627,0.000021970,0
tileshape,tensorops_8x256,1,3072,1024,12,64,0.002253000,0.002252000,0.002260500,0.002406955,0.000035203,0.000037609,0
tileshape,tensorops_t1x32,1,3072,1024,96,64,0.007199375,0.007175833,0.007218875,0.007386088,0.000112490,0.000115408,0
tileshape,tensor,1,768,2048,24,64,0.001982000,0.001980042,0.001983125,0.002151966,0.000030969,0.000033624,0
tileshape,tensorops_8x16,1,768,2048,48,64,0.001317000,0.001316375,0.001317292,0.001465917,0.000020578,0.000022905,0
tileshape,tensorops_8x32,1,768,2048,24,64,0.001266250,0.001265583,0.001266625,0.001420021,0.000019785,0.000022188,0
tileshape,tensorops_8x64,1,768,2048,12,64,0.001482333,0.001481833,0.001483083,0.001630902,0.000023161,0.000025483,0
tileshape,tensorops_16x32,1,768,2048,24,64,0.001444583,0.001443500,0.001445083,0.001591921,0.000022572,0.000024874,0
tileshape,tensorops_8x256,1,768,2048,3,64,0.003951792,0.003947375,0.003961917,0.004107952,0.000061747,0.000064187,0
tileshape,tensorops_t1x32,1,768,2048,24,64,0.011601625,0.011597292,0.011611500,0.011811972,0.000181275,0.000184562,0
tileshape,tensor,8,768,2048,24,64,0.001974750,0.001972958,0.001977250,0.002140045,0.000030855,0.000033438,0
tileshape,tensorops_8x16,8,768,2048,48,64,0.001410292,0.001409625,0.001410667,0.001556039,0.000022036,0.000024313,0
tileshape,tensorops_8x32,8,768,2048,24,64,0.000884375,0.000883208,0.000887625,0.001043081,0.000013818,0.000016298,0
tileshape,tensorops_8x64,8,768,2048,12,64,0.001052125,0.001051625,0.001052667,0.001201987,0.000016439,0.000018781,0
tileshape,tensorops_16x32,8,768,2048,24,64,0.001502500,0.001501375,0.001503583,0.001652002,0.000023477,0.000025813,0
tileshape,tensorops_8x256,8,768,2048,3,64,0.002764750,0.002762500,0.002771542,0.002912998,0.000043199,0.000045516,0
tileshape,tensorops_t1x32,8,768,2048,192,64,0.021609750,0.021401625,0.021948042,0.021878958,0.000337652,0.000341859,0
tileshape,tensor,32,3072,1024,96,64,0.002053792,0.002049292,0.002060125,0.002219081,0.000032090,0.000034673,0
tileshape,tensorops_8x16,32,3072,1024,768,64,0.002526625,0.002522500,0.002532375,0.002675056,0.000039479,0.000041798,0
tileshape,tensorops_8x32,32,3072,1024,384,64,0.002037000,0.002036250,0.002037625,0.002191067,0.000031828,0.000034235,0
tileshape,tensorops_8x64,32,3072,1024,192,64,0.002009250,0.002008042,0.002012375,0.002164006,0.000031395,0.000033813,0
tileshape,tensorops_16x32,32,3072,1024,192,64,0.002016750,0.002011375,0.002021875,0.002166986,0.000031512,0.000033859,0
tileshape,tensorops_8x256,32,3072,1024,48,64,0.002776250,0.002772208,0.002782833,0.002930045,0.000043379,0.000045782,0
tileshape,tensorops_t1x32,32,3072,1024,3072,64,0.116668125,0.115689000,0.117696083,0.116895914,0.001822939,0.001826499,0
